original ,teamID,searchID,School Name,search_term98-134,98,134,Georgia,@ugabasketball OR godawgs OR committotheg OR raisetheflag OR uga97-127,97,127,Georgetown,@hoyahoopclub OR hoyas OR gohoyas OR georgetown96-121,96,121,George Washington,@gw_mbb OR raisehighÿ OR dunkcapital OR monumentalhomecourtadvantage90-115,90,115,Florida State,@fsuhoops OR noles OR gonoles85-110,85,110,Florida,@gatorsmbk OR gators OR gogators OR gatorstrong82-104,82,104,Evansville,@ueathletics_mbb OR ue OR acesaces73-99,73,99,Duke,@dukeblueplanet OR duke OR goduke OR herecomesduke OR dukenation OR dukebasketball OR bluedevils7-16,7,16,Albany,@ualbany_mbb OR gogreatdanes OR ualbany65-91,65,91,Dayton,@daytonmbb OR trueteam OR goflyers64-87,64,87,Davidson,@davidsonmbb OR davidson62-83,62,83,Creighton,@bluejaymbb OR gojays OR creighton59-78,59,78,Connecticut,@uconnmbb OR uconnnation OR bleedblue OR uconn56-72,56,72,Colorado,@cubuffsmbb OR gobuffs OR rolltad OR cubuffs50-66,50,66,Cincinnati,@gobearcatsmbb OR bearcats OR gobearcats48-62,48,62,Chattanooga,@gomocsmbb OR gomocs4-11,4,11,Alabama,@alabamahoops OR rolltide OR buckleup OR bethechaos39-58,39,58,California,@calmensbball OR gobears OR togetherweattack OR calfamily353-523,353,523,Little Rock,@littlerockmbb OR littlerocksteam350-519,350,519,Yale,@yale_basketball OR boolaboola OR gobulldogs35-52,35,52,Butler,@butlermbb OR butler OR godawgs349-514,349,514,Xavier,@xaviermbb OR letsgox OR team94344-509,344,509,Wisconsin,@badgermbb OR badgers OR makeembelieve343-504,343,504,Winthrop,@winthrop_mbb OR rockthehill OR whynotus OR w1nthrop OR bigsouthmbb342-498,342,498,William & Mary,@tribemenshoops OR risingtribe341-494,341,494,Wichita State,@goshockers OR shockernation OR watchus OR shockers336-488,336,488,West Virginia,@wvuhoops OR hailwv OR pressvirginia333-483,333,483,Washington,@uw_mbb OR uwhuskies OR youmewe331-478,331,478,Wagner,@wagner_mbb OR chaosonthehill OR wagner33-47,33,47,Bucknell,@bucknellhoops OR gobison OR bucknell OR bisonfamily328-473,328,473,Virginia,@uvamenshoops OR uva OR gohoos OR wahoowa OR uvahoops OR virginiabasketball327-465,327,465,Villanova,@novambb OR nova OR novanation OR ilovevillanova OR villanova325-458,325,458,VCU,@vcuramnation OR vcu OR letsgovcu324-453,324,453,Vanderbilt,@vandymbb OR vandy OR vanderbilt323-448,323,448,Valparaiso,@valpobasketball OR govalpo OR valpobasketball OR valpogameday320-442,320,442,Utah,@runnin_utes OR goutes OR gamedayu314-437,314,437,UCLA,@uclambb OR gobruins OR ucla312-432,312,432,UC Irvine,@ucimbb OR togetherwezot OR defendthebren OR ripem310-426,310,426,UAB,@uab_mbb OR goblazers OR blockingham OR uabbasketball309-420,309,420,Tulsa,@tumbasketball OR tulsarising OR tulsambb OR reigncane30-41,30,41,Brigham Young,@byucougars OR gocougs OR byumvb OR byuhoops3-5,3,5,Akron,@zipsmbb OR zipsgameday OR gozips OR zipsunite299-415,299,415,Texas Tech,@texastechmbb OR wreckem297-411,297,411,Texas Southern,@tsumbb OR tsumbb OR belegendary295-406,295,406,Texas A&M,@aggiemenshoops OR 12thman OR bethe12thman294-402,294,402,Texas,@texasmbb OR hookem290-398,290,398,Temple,@tumbbhoops OR tumbb OR wethet288-393,288,393,Syracuse,@syrbasketball OR orangenation OR cuse OR syracuse OR syracusebasketball287-386,287,386,Stony Brook,@stonybrookmbb OR seawolves OR goseawolves285-381,285,381,Stephen F. Austin,@sfa_mbb OR axeem OR lumberjacklegends284-377,284,377,Stanford,@stanfordbball OR gostanford282-373,282,373,St. Mary's,@saintmaryshoops OR gaels OR teamua278-368,278,368,St. Bonaventure,@bonniesmbb OR bonnies OR bonastrong274-363,274,363,Southern California,@usc_hoops OR ittakesateam OR usc269-358,269,358,South Dakota State,@gojacksmbb OR gojacks OR marchtogether265-354,265,354,South Carolina,@gamecockmbb OR gamecocks263-350,263,350,SMU,@smubasketball OR ponyup OR texastough260-345,260,345,Seton Hall,@setonhallmbb OR hallinÿ OR hallball253-340,253,340,San Diego State,@goaztecs OR aztecmbb OR aztecforlife OR goaztecs252-335,252,335,San Diego,@usdmbb OR gotoreros248-332,248,332,Saint Joseph's,@sjuhawks_mbb OR thwnd237-328,237,328,Purdue,@boilerball OR boilerup OR purdue OR boilermakers236-322,236,322,Providence,@pcfriarshoops OR pcbb OR friars OR gofriars235-316,235,316,Princeton,@princeton_hoops OR gotigers OR princetonhoops230-311,230,311,Pittsburgh,@hailtopitthoops OR hailtopitt OR letsgopitt OR h2p225-306,225,306,Oregon State,@oregonstatembb OR gobeavs224-303,224,303,Oregon,@oregonmbb OR goducks222-299,222,299,Ole Miss,@olemissmbb OR olemiss OR hottytoddy OR waom22-35,22,35,Belmont,@belmontmbb OR itsbruintime OR gobelmont219-293,219,293,Oklahoma,@ou_mbball OR sooners OR boomer OR oklahoma218-287,218,287,Ohio State,@ohiostatehoops OR gobucks OR buckeyes217-283,217,283,Ohio,@ohiobobcats OR bleedgreen215-279,215,279,Notre Dame,@ndmbb OR notredame OR notdoneyet21-31,21,31,Baylor,@baylormbb OR sicem204-274,204,274,North Florida,@ospreymbb OR swooplife OR birdsoftrey OR unfhoops OR ospreynation199-267,199,267,North Carolina,@unc_basketball OR uncbball OR tarheels194-262,194,262,New Mexico State,@nmstateaggies OR goaggies OR aggieup187-257,187,257,NC-Wilmington,@uncwmenshoops OR seahawks OR rundefendwin177-252,177,252,Montana,@umgrizzlies_bb OR gogriz OR wearemt OR griznation176-247,176,247,Monmouth,@monmouthbball OR flyhawks170-243,170,243,Middle Tennessee,@mt_mbb OR trueblue OR truefamily OR blueraiders169-237,169,237,Michigan State,@msu_basketball OR spartans OR spartanswill168-233,168,233,Michigan,@umichbball OR goblue166-229,166,229,Miami (Fla.),@caneshoops OR canes OR caneshoops159-224,159,224,Maryland,@terrapinhoops OR feartheturtle OR terps OR terrapins153-218,153,218,LSU,@lsubasketball OR lsubasketball OR lsu OR geauxtigers149-212,149,212,Louisville,@villebasketball OR l1c4 OR louisvillebasketball137-207,137,207,Kentucky,@kentuckymbb OR bbn OR kentuckybasketball OR bigbluenation OR gobigblue136-200,136,200,Kent State,@kentstmbb OR goflashes OR kentstate134-195,134,195,Kansas State,@kstatembb OR kstate OR emaw OR kstatembb133-189,133,189,Kansas,@kuhoops OR kubball OR payheed127-184,127,184,IPFW,@ipfwathletics OR godons OR donhoops OR ipfwmbb OR 3nation126-177,126,177,Iowa State,@cyclonembb OR cyclones OR cyclonenation122-167,122,167,Indiana,@indianambb OR iubb OR goiu OR hoosiernation12-27,12,27,Arizona State,@sundevilhoops OR sundevils OR arizonastate OR forksup111-161,111,161,Hofstra,@hofstrambb OR roarwithpride OR hofstra11-21,11,21,Arizona,@aplayersprogram OR beardown OR aplayersprogram109-156,109,156,Hawaii,@hawaiimbb OR hawaiimbb OR gobows106-151,106,151,Hampton,@hampton_mbb OR dtp OR hampton102-146,102,146,Gonzaga,@zagmbb OR gozags OR gonzagamadness OR unitedwezag101-140,101,140,Georgia Tech,@gtmbb OR gojackets OR togetherweswarm OR jointheswarm